user_id,first_name,last_name,gender,age,email
1,Izaak,Sheryn,Male,31,isheryn0@sitemeter.com
2,Lynna,Brunetti,Female,19,lbrunetti1@wikimedia.org
3,Hartley,Lafontaine,Male,21,hlafontaine2@europa.eu
4,Belva,Espley,Female,20,bespley3@phoca.cz
5,Keary,Mayling,Male,23,kmayling4@gnu.org
6,Genia,Straneo,Female,27,gstraneo5@123-reg.co.uk
7,Rawley,Pledge,Male,34,rpledge6@angelfire.com
8,Mata,Cogley,Male,19,mcogley7@yandex.ru
9,Bradly,Harlock,Male,24,bharlock8@sfgate.com
10,Maddie,Dewdney,Female,34,mdewdney9@stumbleupon.com
11,Krista,Smuth,Female,22,ksmutha@auda.org.au
12,Bobette,Sanpher,Female,29,bsanpherb@yolasite.com
13,Stephine,Bunner,Female,28,sbunnerc@themeforest.net
14,Costa,Le Prevost,Male,34,cleprevostd@mapy.cz
15,Ferdy,Northern,Male,23,fnortherne@mysql.com
16,Violante,Matessian,Female,18,vmatessianf@chicagotribune.com
17,Jolyn,Brantl,Female,34,jbrantlg@admin.ch
18,Alvinia,Mullenger,Female,17,amullengerh@fc2.com
19,Kimmie,Mourge,Female,26,kmourgei@trellian.com
20,Alyda,Cox,Female,25,acoxj@printfriendly.com
21,Marie-ann,Roose,Female,34,mroosek@whitehouse.gov
22,Kara,Merle,Female,33,kmerlel@pcworld.com
23,Alexandr,Ingleston,Male,35,ainglestonm@blog.com
24,Gaultiero,Belk,Male,30,gbelkn@cbslocal.com
25,Filberto,Menci,Male,30,fmencio@comcast.net
26,Augusta,Edler,Female,25,aedlerp@cloudflare.com
27,Delia,Hasser,Female,33,dhasserq@yandex.ru
28,Josey,Dudding,Female,19,jduddingr@wikispaces.com
29,Patrica,Fishleigh,Female,35,pfishleighs@guardian.co.uk
30,Benedick,Whatmough,Male,25,bwhatmought@github.io
31,Allianora,Wathell,Female,19,awathellu@trellian.com
32,Arty,Cadamy,Male,30,acadamyv@sourceforge.net
33,Kristo,McDuffie,Male,29,kmcduffiew@amazon.co.jp
34,Peri,Hannent,Female,26,phannentx@stanford.edu
35,Frasco,Kunkel,Male,23,fkunkely@nhs.uk
36,Mortimer,Le Provest,Male,27,mleprovestz@bluehost.com
37,Davey,Cicccitti,Male,34,dcicccitti10@ftc.gov
38,Ganny,Fallanche,Male,25,gfallanche11@clickbank.net
39,Ferdinand,Minshall,Male,32,fminshall12@joomla.org
40,Solomon,Mabe,Male,18,smabe13@mashable.com
41,Lotti,Ive,Female,35,live14@xinhuanet.com
42,Felisha,Basey,Female,20,fbasey15@slate.com
43,Kirsteni,Copeman,Female,27,kcopeman16@pbs.org
44,Lynsey,Cobelli,Female,25,lcobelli17@com.com
45,Marcel,McArthur,Male,23,mmcarthur18@cdc.gov
46,Nannette,Duddin,Female,31,nduddin19@weebly.com
47,Charissa,O'Gormally,Female,22,cogormally1a@npr.org
48,Reinaldo,O'Beirne,Male,25,robeirne1b@dot.gov
49,Bartram,Batey,Male,30,bbatey1c@paginegialle.it
50,Lazaro,Feirn,Male,33,lfeirn1d@nih.gov
51,Paula,Wadsworth,Female,35,pwadsworth1e@mac.com
52,Tally,Stocken,Female,21,tstocken1f@webnode.com
53,Marley,Faro,Female,20,mfaro1g@gravatar.com
54,Stephen,Izakov,Male,34,sizakov1h@eventbrite.com
55,Oliver,Askwith,Male,23,oaskwith1i@mozilla.com
56,Adriaens,Roome,Female,35,aroome1j@sciencedaily.com
57,Tallulah,O'Connell,Female,17,toconnell1k@ning.com
58,Val,Lorroway,Male,23,vlorroway1l@washingtonpost.com
59,Stephi,Lapish,Female,25,slapish1m@list-manage.com
60,Dotti,Ferriere,Female,22,dferriere1n@imageshack.us
61,Tabina,Dickie,Female,28,tdickie1o@studiopress.com
62,Cristina,Meron,Female,30,cmeron1p@java.com
63,Harold,Hardesty,Male,25,hhardesty1q@va.gov
64,Hughie,Rehn,Male,32,hrehn1r@is.gd
65,Roderic,Goldspink,Male,29,rgoldspink1s@i2i.jp
66,Padget,Murie,Male,28,pmurie1t@unblog.fr
67,Alyce,Bellini,Female,30,abellini1u@photobucket.com
68,Matthus,Minshull,Male,27,mminshull1v@imageshack.us
69,Adlai,Polack,Male,19,apolack1w@hao123.com
70,Hadleigh,Blagdon,Male,30,hblagdon1x@drupal.org
71,Randie,Drakes,Female,18,rdrakes1y@cnn.com
72,Melly,Robiot,Female,34,mrobiot1z@cargocollective.com
73,Fedora,Kitchenman,Female,19,fkitchenman20@zdnet.com
74,Jacqueline,Millthorpe,Female,28,jmillthorpe21@webeden.co.uk
75,Haskel,McCray,Male,27,hmccray22@facebook.com
76,Kristy,Jarmyn,Female,32,kjarmyn23@samsung.com
77,Kassey,Shreve,Female,18,kshreve24@rambler.ru
78,Gayelord,Djokovic,Male,20,gdjokovic25@state.tx.us
79,Shauna,Sicely,Female,22,ssicely26@booking.com
80,Aristotle,Heminsley,Male,19,aheminsley27@google.com
81,Rosy,Froment,Female,26,rfroment28@discuz.net
82,Kelby,Schenkel,Male,29,kschenkel29@soup.io
83,Nessy,Dack,Female,35,ndack2a@sbwire.com
84,Fern,Coneybeare,Female,35,fconeybeare2b@wired.com
85,Teador,Bellow,Male,22,tbellow2c@hatena.ne.jp
86,Bradley,Tichelaar,Male,24,btichelaar2d@google.ru
87,Emogene,Sumers,Female,35,esumers2e@cnet.com
88,Eolande,Long,Female,20,elong2f@bing.com
89,Kynthia,Wolland,Female,28,kwolland2g@xing.com
90,Stephie,Kenen,Female,35,skenen2h@google.com.hk
91,Lusa,de Courcy,Female,20,ldecourcy2i@walmart.com
92,Eleanor,Mityushkin,Female,35,emityushkin2j@networksolutions.com
93,Marietta,Varty,Male,26,mvarty2k@qq.com
94,Tremaine,Winspeare,Male,30,twinspeare2l@usgs.gov
95,Keelby,O'Docherty,Male,21,kodocherty2m@upenn.edu
96,Kareem,Brewis,Male,21,kbrewis2n@bandcamp.com
97,Lorrayne,Sainte Paul,Female,28,lsaintepaul2o@webs.com
98,Carlo,Caves,Male,22,ccaves2p@yale.edu
99,Phillipp,Glendenning,Male,32,pglendenning2q@etsy.com
100,Syman,Miskin,Male,22,smiskin2r@examiner.com